elapsed_ms,rss_kib,pss_kib,private_kib,anonymous_kib,vmsize_kib,swap_kib
2,9356,3669,3192,1020,30092,0
216,69608,30015,18152,15012,1479216,0
431,102040,61544,49188,34268,1518628,0
646,110916,70420,58064,43016,1540152,0
863,118356,77818,65440,50136,1548668,0
1078,118372,77834,65456,50152,1548684,0
1294,118372,77834,65456,50152,1548684,0
1508,118372,77834,65456,50152,1548684,0
1729,118372,77834,65456,50152,1548684,0
1946,118372,77834,65456,50152,1548684,0
2161,118372,77834,65456,50152,1548684,0
2375,118372,77834,65456,50152,1548684,0
2595,118376,77838,65460,50156,1548684,0
2810,118376,77838,65460,50156,1548684,0
3028,118392,77854,65476,50164,1614220,0
3249,118456,77918,65540,50164,1614220,0
3464,118456,77918,65540,50164,1614220,0
3679,118456,77918,65540,50164,1614220,0
3897,118456,77918,65540,50164,1614220,0
4115,118456,77918,65540,50164,1614220,0
4330,118456,77918,65540,50164,1614220,0
4545,118456,77918,65540,50164,1614220,0
4760,118456,77918,65540,50164,1614220,0
4978,118456,77918,65540,50164,1614220,0
5205,118456,77918,65540,50164,1614220,0
5429,118456,77918,65540,50164,1614220,0
5649,118456,77918,65540,50164,1614220,0
5864,118456,77918,65540,50164,1614220,0
6078,118456,77918,65540,50164,1614220,0
6291,118456,77918,65540,50164,1614220,0
6510,118456,77918,65540,50164,1614220,0
6724,118456,77918,65540,50164,1614220,0
6940,118456,77918,65540,50164,1614220,0
7156,118456,77918,65540,50164,1614220,0
7374,118456,77918,65540,50164,1614220,0
7590,118456,77918,65540,50164,1614220,0
7805,118456,77918,65540,50164,1614220,0
8020,118456,77918,65540,50164,1614220,0
8236,118456,77918,65540,50164,1614220,0
8455,118456,77918,65540,50164,1614220,0
8672,118456,77918,65540,50164,1614220,0
8895,118456,77918,65540,50164,1614220,0
9110,118456,77918,65540,50164,1614220,0
9324,118456,77918,65540,50164,1614220,0
9538,118456,77918,65540,50164,1614220,0
9753,118456,77918,65540,50164,1614220,0
9968,118456,77918,65540,50164,1614220,0
10184,118456,77918,65540,50164,1614220,0
10401,118456,77918,65540,50164,1614220,0
10617,118456,77918,65540,50164,1614220,0
10835,118456,77918,65540,50164,1614220,0
11049,118456,77918,65540,50164,1614220,0
11263,118456,77918,65540,50164,1614220,0
11478,118456,77918,65540,50164,1614220,0
11694,118456,77918,65540,50164,1614220,0
11912,118456,77918,65540,50164,1614220,0
12132,118456,77918,65540,50164,1614220,0
12352,118456,77918,65540,50164,1614220,0
12566,118456,77918,65540,50164,1614220,0
12781,118456,77918,65540,50164,1614220,0
12996,118456,77918,65540,50164,1614220,0
13212,118456,77918,65540,50164,1614220,0
13428,118456,77918,65540,50164,1614220,0
13646,118456,77918,65540,50164,1614220,0
13864,118456,77918,65540,50164,1614220,0
14081,118456,77918,65540,50164,1614220,0
14296,118456,77918,65540,50164,1614220,0
14511,118456,77918,65540,50164,1614220,0
14724,118456,77918,65540,50164,1614220,0
14938,118456,77918,65540,50164,1614220,0
15153,118456,77918,65540,50164,1614220,0
15369,118456,77918,65540,50164,1614220,0
15587,118456,77918,65540,50164,1614220,0
15806,118456,77918,65540,50164,1614220,0
16023,118456,77918,65540,50164,1614220,0
16237,118456,77918,65540,50164,1614220,0
16454,118456,77918,65540,50164,1614220,0
16668,118456,77918,65540,50164,1614220,0
16883,118456,77918,65540,50164,1614220,0
17098,118456,77918,65540,50164,1614220,0
17317,118456,77918,65540,50164,1614220,0
17534,118456,77918,65540,50164,1614220,0
17752,118456,77918,65540,50164,1614220,0
17967,118456,77918,65540,50164,1614220,0
18181,118456,77918,65540,50164,1614220,0
18396,118456,77918,65540,50164,1614220,0
18613,118456,77918,65540,50164,1614220,0
18827,118456,77918,65540,50164,1614220,0
19045,118456,77918,65540,50164,1614220,0
19261,118456,77918,65540,50164,1614220,0
19478,118456,77918,65540,50164,1614220,0
19693,118456,77918,65540,50164,1614220,0
19908,118456,77918,65540,50164,1614220,0
20123,118456,77918,65540,50164,1614220,0
20337,118456,77918,65540,50164,1614220,0
20554,118456,77918,65540,50164,1614220,0
20769,118456,77918,65540,50164,1614220,0
20985,118456,77918,65540,50164,1614220,0
21204,118456,77918,65540,50164,1614220,0
21420,118456,77918,65540,50164,1614220,0
21637,118456,77918,65540,50164,1614220,0
21854,118456,77918,65540,50164,1614220,0
22069,118456,77918,65540,50164,1614220,0
22288,118456,77918,65540,50164,1614220,0
22508,118456,77918,65540,50164,1614220,0
22730,118456,77918,65540,50164,1614220,0
22946,118456,77918,65540,50164,1614220,0
23163,118456,77918,65540,50164,1614220,0
23384,118456,77918,65540,50164,1614220,0
23599,118456,77918,65540,50164,1614220,0
23815,118456,77918,65540,50164,1614220,0
24035,118456,77918,65540,50164,1614220,0
24253,118456,77918,65540,50164,1614220,0
24470,118456,77918,65540,50164,1614220,0
24685,118456,77918,65540,50164,1614220,0
24900,118456,77918,65540,50164,1614220,0
25114,118456,77918,65540,50164,1614220,0
25337,118456,77918,65540,50164,1614220,0
25560,118456,77918,65540,50164,1614220,0
25783,118456,77918,65540,50164,1614220,0
26002,118456,77918,65540,50164,1614220,0
26216,118456,77918,65540,50164,1614220,0
26430,118456,77918,65540,50164,1614220,0
26647,118456,77918,65540,50164,1614220,0
26863,118456,77918,65540,50164,1614220,0
27084,118456,77918,65540,50164,1614220,0
27302,118456,77918,65540,50164,1614220,0
27518,118456,77918,65540,50164,1614220,0
27733,118456,77918,65540,50164,1614220,0
27947,118456,77918,65540,50164,1614220,0
28162,118456,77918,65540,50164,1614220,0
28382,118456,77918,65540,50164,1614220,0
28603,118456,77918,65540,50164,1614220,0
28820,118456,77918,65540,50164,1614220,0
29038,118456,77918,65540,50164,1614220,0
29253,118456,77918,65540,50164,1614220,0
29467,118456,77918,65540,50164,1614220,0
29681,118456,77918,65540,50164,1614220,0
29897,118456,77918,65540,50164,1614220,0
30113,118456,77918,65540,50164,1614220,0
30334,118456,77906,65540,50164,1614220,0
30551,118456,77918,65540,50164,1614220,0
30770,118456,77918,65540,50164,1614220,0
30987,118456,77918,65540,50164,1614220,0
31201,118456,77918,65540,50164,1614220,0
31418,118456,77918,65540,50164,1614220,0
31634,118456,77918,65540,50164,1614220,0
31859,118456,77918,65540,50164,1614220,0
32078,118456,77918,65540,50164,1614220,0
32293,118456,77918,65540,50164,1614220,0
32508,118456,77918,65540,50164,1614220,0
32730,118456,77918,65540,50164,1614220,0
32949,118456,77918,65540,50164,1614220,0
33165,118456,77918,65540,50164,1614220,0
33380,118456,77918,65540,50164,1614220,0
33600,118456,77918,65540,50164,1614220,0
33821,118456,77918,65540,50164,1614220,0
34035,118456,77918,65540,50164,1614220,0
34254,118456,77918,65540,50164,1614220,0
34469,118456,77918,65540,50164,1614220,0
34684,118456,77918,65540,50164,1614220,0
34901,118456,77918,65540,50164,1614220,0
35116,118456,77918,65540,50164,1614220,0
35333,118456,77918,65540,50164,1614220,0
35547,118456,77918,65540,50164,1614220,0
35761,118456,77918,65540,50164,1614220,0
35975,118456,77918,65540,50164,1614220,0
36190,118456,77918,65540,50164,1614220,0
36404,118456,77918,65540,50164,1614220,0
36630,118456,77918,65540,50164,1614220,0
36852,118456,77918,65540,50164,1614220,0
37069,118456,77918,65540,50164,1614220,0
37284,118456,77918,65540,50164,1614220,0
37499,118456,77918,65540,50164,1614220,0
37716,118456,77918,65540,50164,1614220,0
37934,118456,77918,65540,50164,1614220,0
38151,118456,77918,65540,50164,1614220,0
38369,118456,77918,65540,50164,1614220,0
38585,118456,77918,65540,50164,1614220,0
38799,118456,77918,65540,50164,1614220,0
39016,118456,77918,65540,50164,1614220,0
39233,118456,77918,65540,50164,1614220,0
39451,118456,77918,65540,50164,1614220,0
39671,118456,77918,65540,50164,1614220,0
39889,118456,77918,65540,50164,1614220,0
40104,118456,77918,65540,50164,1614220,0
40321,118456,77918,65540,50164,1614220,0
40537,118456,77918,65540,50164,1614220,0
40751,118456,77918,65540,50164,1614220,0
40966,118456,77918,65540,50164,1614220,0
41181,118456,77918,65540,50164,1614220,0
41396,118456,77918,65540,50164,1614220,0
41613,118456,77918,65540,50164,1614220,0
41829,118456,77918,65540,50164,1614220,0
42046,118456,77918,65540,50164,1614220,0
42260,118456,77918,65540,50164,1614220,0
42475,118456,77918,65540,50164,1614220,0
42690,118456,77918,65540,50164,1614220,0
42904,118456,77918,65540,50164,1614220,0
43123,118456,77918,65540,50164,1614220,0
43343,118456,77918,65540,50164,1614220,0
43566,118456,77918,65540,50164,1614220,0
43782,118456,77918,65540,50164,1614220,0
43997,118456,77918,65540,50164,1614220,0
44211,118456,77918,65540,50164,1614220,0
44426,118456,77918,65540,50164,1614220,0
44640,118456,77918,65540,50164,1614220,0
44856,118456,77918,65540,50164,1614220,0
45080,118456,77918,65540,50164,1614220,0
45302,118456,77918,65540,50164,1614220,0
45517,118456,77918,65540,50164,1614220,0
45731,118456,77918,65540,50164,1614220,0
45945,118456,77918,65540,50164,1614220,0
46163,118456,77918,65540,50164,1614220,0
46380,118456,77918,65540,50164,1614220,0
46600,118456,77918,65540,50164,1614220,0
46818,118456,77918,65540,50164,1614220,0
47032,118456,77918,65540,50164,1614220,0
47247,118456,77918,65540,50164,1614220,0
47460,118456,77918,65540,50164,1614220,0
47675,118456,77918,65540,50164,1614220,0
47894,118456,77918,65540,50164,1614220,0
48117,118456,77918,65540,50164,1614220,0
48335,118456,77918,65540,50164,1614220,0
48554,118456,77918,65540,50164,1614220,0
48770,118456,77918,65540,50164,1614220,0
48985,118456,77918,65540,50164,1614220,0
49199,118456,77918,65540,50164,1614220,0
49426,118456,77918,65540,50164,1614220,0
49647,118456,77918,65540,50164,1614220,0
49865,118456,77918,65540,50164,1614220,0
50079,118456,77918,65540,50164,1614220,0
50294,118456,77918,65540,50164,1614220,0
50509,118456,77918,65540,50164,1614220,0
50723,118456,77918,65540,50164,1614220,0
50937,118456,77918,65540,50164,1614220,0
51153,118456,77918,65540,50164,1614220,0
51369,118456,77918,65540,50164,1614220,0
51585,118456,77918,65540,50164,1614220,0
51800,118456,77918,65540,50164,1614220,0
52015,118456,77918,65540,50164,1614220,0
52234,118456,77918,65540,50164,1614220,0
52451,118456,77918,65540,50164,1614220,0
52667,118456,77918,65540,50164,1614220,0
52883,118456,77918,65540,50164,1614220,0
53100,118456,77918,65540,50164,1614220,0
53318,118456,77918,65540,50164,1614220,0
53533,118456,77918,65540,50164,1614220,0
53749,118456,77918,65540,50164,1614220,0
53964,118456,77918,65540,50164,1614220,0
54183,118456,77918,65540,50164,1614220,0
54399,118456,77918,65540,50164,1614220,0
54614,118456,77918,65540,50164,1614220,0
54833,118456,77918,65540,50164,1614220,0
55051,118456,77918,65540,50164,1614220,0
55265,118456,77918,65540,50164,1614220,0
55478,118456,77918,65540,50164,1614220,0
55692,118456,77918,65540,50164,1614220,0
55908,118456,77918,65540,50164,1614220,0
56123,118456,77918,65540,50164,1614220,0
56343,118456,77918,65540,50164,1614220,0
56561,118456,77918,65540,50164,1614220,0
56780,118456,77918,65540,50164,1614220,0
56994,118456,77918,65540,50164,1614220,0
57209,118456,77918,65540,50164,1614220,0
57422,118456,77918,65540,50164,1614220,0
57640,118456,77918,65540,50164,1614220,0
57860,118456,77918,65540,50164,1614220,0
58077,118456,77918,65540,50164,1614220,0
58294,118456,77918,65540,50164,1614220,0
58509,118456,77918,65540,50164,1614220,0
58723,118456,77918,65540,50164,1614220,0
58938,118456,77918,65540,50164,1614220,0
59152,118456,77918,65540,50164,1614220,0
59368,118456,77918,65540,50164,1614220,0
59583,118456,77918,65540,50164,1614220,0
59801,118456,77918,65540,50164,1614220,0
60019,118456,77918,65540,50164,1614220,0
60234,118456,77918,65540,50164,1614220,0
60449,118456,77897,65540,50164,1614220,0
60671,118456,77918,65540,50164,1614220,0
60887,118456,77918,65540,50164,1614220,0
61105,118456,77918,65540,50164,1614220,0
61322,118456,77918,65540,50164,1614220,0
61538,118456,77918,65540,50164,1614220,0
61753,118456,77918,65540,50164,1614220,0
61967,118456,77918,65540,50164,1614220,0
62181,118456,77918,65540,50164,1614220,0
62396,118456,77918,65540,50164,1614220,0
62609,118456,77918,65540,50164,1614220,0
62823,118456,77918,65540,50164,1614220,0
63038,118456,77918,65540,50164,1614220,0
63255,118456,77918,65540,50164,1614220,0
63477,118456,77918,65540,50164,1614220,0
63693,118456,77918,65540,50164,1614220,0
63908,118456,77918,65540,50164,1614220,0
64122,118456,77918,65540,50164,1614220,0
64338,118456,77918,65540,50164,1614220,0
64560,118456,77918,65540,50164,1614220,0
64780,118456,77918,65540,50164,1614220,0
64996,118456,77918,65540,50164,1614220,0
65210,118456,77918,65540,50164,1614220,0
65425,118456,77918,65540,50164,1614220,0
65639,118456,77918,65540,50164,1614220,0
65854,118456,77918,65540,50164,1614220,0
66075,118456,77918,65540,50164,1614220,0
66292,118456,77918,65540,50164,1614220,0
66509,118456,77918,65540,50164,1614220,0
66729,118456,77918,65540,50164,1614220,0
66946,118456,77918,65540,50164,1614220,0
67160,118456,77918,65540,50164,1614220,0
67374,118456,77918,65540,50164,1614220,0
67589,118456,77918,65540,50164,1614220,0
67807,118456,77918,65540,50164,1614220,0
68022,118456,77918,65540,50164,1614220,0
68239,118456,77918,65540,50164,1614220,0
68455,118456,77918,65540,50164,1614220,0
68671,118456,77918,65540,50164,1614220,0
68887,118456,77918,65540,50164,1614220,0
69100,118456,77918,65540,50164,1614220,0
69314,118456,77918,65540,50164,1614220,0
69529,118456,77918,65540,50164,1614220,0
69746,118456,77918,65540,50164,1614220,0
69964,118456,77918,65540,50164,1614220,0
70184,118456,77918,65540,50164,1614220,0
70403,118456,77918,65540,50164,1614220,0
70617,118456,77918,65540,50164,1614220,0
70831,118456,77918,65540,50164,1614220,0
71045,118456,77918,65540,50164,1614220,0
71264,118456,77918,65540,50164,1614220,0
71478,118456,77918,65540,50164,1614220,0
71694,118456,77918,65540,50164,1614220,0
71912,118456,77918,65540,50164,1614220,0
72127,118456,77918,65540,50164,1614220,0
72341,118456,77918,65540,50164,1614220,0
72555,118456,77918,65540,50164,1614220,0
72769,118456,77918,65540,50164,1614220,0
72984,118456,77918,65540,50164,1614220,0
73200,118456,77918,65540,50164,1614220,0
73416,118456,77918,65540,50164,1614220,0
73632,118456,77918,65540,50164,1614220,0
73849,118456,77918,65540,50164,1614220,0
74064,118456,77918,65540,50164,1614220,0
74279,118456,77918,65540,50164,1614220,0
74494,118456,77918,65540,50164,1614220,0
74708,118456,77918,65540,50164,1614220,0
74924,118456,77918,65540,50164,1614220,0
75140,118456,77918,65540,50164,1614220,0
75361,118456,77918,65540,50164,1614220,0
75581,118456,77918,65540,50164,1614220,0
75796,118456,77918,65540,50164,1614220,0
76011,118456,77918,65540,50164,1614220,0
76227,118456,77918,65540,50164,1614220,0
76442,118456,77918,65540,50164,1614220,0
76658,118456,77918,65540,50164,1614220,0
76872,118456,77918,65540,50164,1614220,0
77089,118456,77918,65540,50164,1614220,0
77307,118456,77918,65540,50164,1614220,0
77521,118456,77918,65540,50164,1614220,0
77735,118456,77918,65540,50164,1614220,0
77950,118456,77918,65540,50164,1614220,0
78164,118456,77918,65540,50164,1614220,0
78384,118456,77918,65540,50164,1614220,0
78599,118456,77918,65540,50164,1614220,0
78817,118456,77918,65540,50164,1614220,0
79034,118456,77918,65540,50164,1614220,0
79251,118456,77918,65540,50164,1614220,0
79465,118456,77918,65540,50164,1614220,0
79680,118456,77918,65540,50164,1614220,0
79896,118456,77918,65540,50164,1614220,0
80112,118456,77918,65540,50164,1614220,0
80328,118456,77918,65540,50164,1614220,0
80545,118456,77918,65540,50164,1614220,0
80761,118456,77918,65540,50164,1614220,0
80976,118456,77918,65540,50164,1614220,0
81194,118456,77918,65540,50164,1614220,0
81411,118456,77918,65540,50164,1614220,0
81628,118456,77918,65540,50164,1614220,0
81844,118456,77918,65540,50164,1614220,0
82059,118456,77918,65540,50164,1614220,0
82276,118456,77918,65540,50164,1614220,0
82491,118456,77918,65540,50164,1614220,0
82710,118456,77918,65540,50164,1614220,0
82926,118456,77918,65540,50164,1614220,0
83146,118456,77918,65540,50164,1614220,0
83363,118456,77918,65540,50164,1614220,0
83581,118456,77918,65540,50164,1614220,0
83801,118456,77918,65540,50164,1614220,0
84021,118456,77918,65540,50164,1614220,0
84236,118456,77918,65540,50164,1614220,0
84450,118456,77918,65540,50164,1614220,0
84685,118456,77918,65540,50164,1614220,0
84904,118456,77918,65540,50164,1614220,0
85122,118456,77918,65540,50164,1614220,0
85341,118456,77918,65540,50164,1614220,0
85557,118456,77918,65540,50164,1614220,0
85772,118456,77918,65540,50164,1614220,0
85992,118456,77918,65540,50164,1614220,0
86214,118456,77918,65540,50164,1614220,0
86431,118456,77918,65540,50164,1614220,0
86645,118456,77918,65540,50164,1614220,0
86860,118456,77918,65540,50164,1614220,0
87074,118456,77918,65540,50164,1614220,0
87288,118456,77918,65540,50164,1614220,0
87504,118456,77918,65540,50164,1614220,0
87718,118456,77918,65540,50164,1614220,0
87935,118456,77918,65540,50164,1614220,0
88153,118456,77918,65540,50164,1614220,0
88377,118456,77918,65540,50164,1614220,0
88592,118456,77918,65540,50164,1614220,0
88807,118456,77918,65540,50164,1614220,0
89024,118456,77918,65540,50164,1614220,0
89240,118456,77918,65540,50164,1614220,0
89462,118456,77918,65540,50164,1614220,0
89680,118456,77918,65540,50164,1614220,0
89899,118456,77918,65540,50164,1614220,0
90113,118456,77918,65540,50164,1614220,0
90329,118456,77918,65540,50164,1614220,0
90544,118456,77918,65540,50164,1614220,0
90759,118456,77918,65540,50164,1614220,0
90975,118456,77918,65540,50164,1614220,0
91193,118456,77918,65540,50164,1614220,0
91409,118456,77918,65540,50164,1614220,0
91623,118456,77918,65540,50164,1614220,0
91840,118456,77918,65540,50164,1614220,0
92054,118456,77918,65540,50164,1614220,0
92279,118456,77918,65540,50164,1614220,0
92497,118456,77918,65540,50164,1614220,0
92714,118456,77918,65540,50164,1614220,0
92934,118456,77918,65540,50164,1614220,0
93148,118456,77918,65540,50164,1614220,0
93365,118456,77918,65540,50164,1614220,0
93578,118456,77918,65540,50164,1614220,0
93792,118456,77918,65540,50164,1614220,0
94012,118456,77918,65540,50164,1614220,0
94231,118456,77918,65540,50164,1614220,0
94449,118456,77918,65540,50164,1614220,0
94664,118456,77918,65540,50164,1614220,0
94878,118456,77918,65540,50164,1614220,0
95092,118456,77918,65540,50164,1614220,0
95309,118456,77918,65540,50164,1614220,0
95524,118456,77918,65540,50164,1614220,0
95739,118456,77918,65540,50164,1614220,0
95956,118456,77918,65540,50164,1614220,0
96178,118456,77918,65540,50164,1614220,0
96392,118456,77918,65540,50164,1614220,0
96607,118456,77918,65540,50164,1614220,0
96821,118456,77918,65540,50164,1614220,0
97036,118456,77918,65540,50164,1614220,0
97251,118456,77918,65540,50164,1614220,0
97466,118456,77918,65540,50164,1614220,0
97683,118456,77918,65540,50164,1614220,0
97901,118456,77918,65540,50164,1614220,0
98116,118456,77918,65540,50164,1614220,0
98330,118456,77918,65540,50164,1614220,0
98543,118456,77918,65540,50164,1614220,0
98757,118456,77918,65540,50164,1614220,0
98974,118456,77918,65540,50164,1614220,0
99189,118456,77918,65540,50164,1614220,0
99409,118456,77918,65540,50164,1614220,0
99627,118456,77918,65540,50164,1614220,0
99842,118456,77918,65540,50164,1614220,0
100057,118456,77918,65540,50164,1614220,0
100272,118456,77918,65540,50164,1614220,0
100487,118456,77918,65540,50164,1614220,0
100702,118456,77918,65540,50164,1614220,0
100919,118456,77918,65540,50164,1614220,0
101140,118456,77918,65540,50164,1614220,0
101358,118456,77918,65540,50164,1614220,0
101574,118456,77918,65540,50164,1614220,0
101788,118456,77918,65540,50164,1614220,0
102004,118456,77918,65540,50164,1614220,0
102222,118456,77918,65540,50164,1614220,0
102439,118456,77918,65540,50164,1614220,0
102656,118456,77918,65540,50164,1614220,0
102874,118456,77918,65540,50164,1614220,0
103090,118456,77918,65540,50164,1614220,0
103305,118456,77918,65540,50164,1614220,0
103519,118456,77918,65540,50164,1614220,0
103737,118456,77918,65540,50164,1614220,0
103953,118456,77918,65540,50164,1614220,0
104170,118456,77918,65540,50164,1614220,0
104388,118456,77918,65540,50164,1614220,0
104614,118456,77918,65540,50164,1614220,0
104829,118456,77918,65540,50164,1614220,0
105044,118456,77918,65540,50164,1614220,0
105259,118456,77918,65540,50164,1614220,0
105477,118456,77918,65540,50164,1614220,0
105693,118456,77918,65540,50164,1614220,0
105922,118456,77918,65540,50164,1614220,0
106141,118456,77918,65540,50164,1614220,0
106356,118456,77918,65540,50164,1614220,0
106572,118456,77918,65540,50164,1614220,0
106786,118456,77918,65540,50164,1614220,0
107004,118456,77918,65540,50164,1614220,0
107220,118456,77918,65540,50164,1614220,0
107436,118456,77918,65540,50164,1614220,0
107658,118456,77918,65540,50164,1614220,0
107874,118456,77918,65540,50164,1614220,0
108092,118456,77918,65540,50164,1614220,0
108307,118456,77918,65540,50164,1614220,0
108520,118456,77918,65540,50164,1614220,0
108735,118456,77918,65540,50164,1614220,0
108950,118456,77918,65540,50164,1614220,0
109168,118456,77918,65540,50164,1614220,0
109384,118456,77918,65540,50164,1614220,0
109600,118456,77918,65540,50164,1614220,0
109813,118456,77918,65540,50164,1614220,0
110028,118456,77918,65540,50164,1614220,0
110243,118456,77918,65540,50164,1614220,0
110458,118456,77918,65540,50164,1614220,0
110673,118456,77918,65540,50164,1614220,0
110888,118456,77918,65540,50164,1614220,0
111105,118456,77918,65540,50164,1614220,0
111320,118456,77918,65540,50164,1614220,0
111534,118456,77918,65540,50164,1614220,0
111749,118456,77918,65540,50164,1614220,0
111965,118456,77918,65540,50164,1614220,0
112183,118456,77918,65540,50164,1614220,0
112399,118456,77918,65540,50164,1614220,0
112622,118456,77918,65540,50164,1614220,0
112842,118456,77918,65540,50164,1614220,0
113057,118456,77918,65540,50164,1614220,0
113273,118456,77918,65540,50164,1614220,0
113488,118456,77918,65540,50164,1614220,0
113705,118456,77918,65540,50164,1614220,0
113921,118456,77918,65540,50164,1614220,0
114137,118456,77918,65540,50164,1614220,0
114353,118456,77918,65540,50164,1614220,0
114571,118456,77918,65540,50164,1614220,0
114786,118456,77918,65540,50164,1614220,0
115000,118456,77918,65540,50164,1614220,0
115216,118456,77918,65540,50164,1614220,0
115431,118456,77918,65540,50164,1614220,0
115652,118456,77918,65540,50164,1614220,0
115869,118456,77918,65540,50164,1614220,0
116088,118456,77918,65540,50164,1614220,0
116304,118456,77918,65540,50164,1614220,0
116519,118456,77918,65540,50164,1614220,0
116735,118456,77918,65540,50164,1614220,0
116952,118456,77918,65540,50164,1614220,0
117176,118456,77918,65540,50164,1614220,0
117400,118456,77918,65540,50164,1614220,0
117619,118456,77918,65540,50164,1614220,0
117833,118456,77918,65540,50164,1614220,0
118048,118456,77918,65540,50164,1614220,0
118262,118456,77918,65540,50164,1614220,0
118488,118456,77918,65540,50164,1614220,0
118710,118456,77918,65540,50164,1614220,0
118932,118456,77918,65540,50164,1614220,0
119147,118456,77918,65540,50164,1614220,0
119362,118456,77918,65540,50164,1614220,0
119577,118456,77918,65540,50164,1614220,0
119791,118456,77918,65540,50164,1614220,0
